{"cameraMode":{"drawMode":0,"name":"Shaded","section":"Shading Mode"},"sceneLighting":false,"audioPlay":false,"sceneViewState":{"showFog":true,"showMaterialUpdate":false,"showSkybox":true,"showFlares":true,"showImageEffects":true,"showParticleSystems":true},"in2DMode":false,"pivot":{"x":0.04992341995239258,"y":6.4551920890808109,"z":-4.36878776550293},"rotation":{"x":-0.006591563578695059,"y":-0.05547063425183296,"z":-0.00036645980435423553,"w":0.9984422326087952},"size":10.381451606750489,"orthographic":false}