{"cameraMode":{"drawMode":0,"name":"Shaded","section":"Shading Mode"},"sceneLighting":false,"audioPlay":false,"sceneViewState":{"showFog":true,"showMaterialUpdate":false,"showSkybox":true,"showFlares":true,"showImageEffects":true,"showParticleSystems":true},"in2DMode":false,"pivot":{"x":-8.058168411254883,"y":6.569426536560059,"z":7.804813385009766},"rotation":{"x":0.04288467764854431,"y":-0.008992351591587067,"z":0.00038598632090725005,"w":0.999058187007904},"size":72.42914581298828,"orthographic":false}