{"cameraMode":{"drawMode":0,"name":"Shaded","section":"Shading Mode"},"sceneLighting":false,"audioPlay":false,"sceneViewState":{"showFog":true,"showMaterialUpdate":false,"showSkybox":true,"showFlares":true,"showImageEffects":true,"showParticleSystems":true},"in2DMode":false,"pivot":{"x":0.5471761226654053,"y":0.5134997963905335,"z":-0.6110484600067139},"rotation":{"x":0.31355002522468569,"y":-0.5460063815116882,"z":0.23078246414661408,"w":0.7418263554573059},"size":4.597906589508057,"orthographic":false}