{"cameraMode":{"drawMode":0,"name":"Shaded","section":"Shading Mode"},"sceneLighting":false,"audioPlay":false,"sceneViewState":{"showFog":true,"showMaterialUpdate":false,"showSkybox":true,"showFlares":true,"showImageEffects":true,"showParticleSystems":true},"in2DMode":false,"pivot":{"x":12.1899995803833,"y":11.859999656677246,"z":-7.420000076293945},"rotation":{"x":-0.2135632336139679,"y":0.09711560606956482,"z":-0.021340835839509965,"w":-0.9718562960624695},"size":36.12461853027344,"orthographic":false}