{"cameraMode":{"drawMode":0,"name":"Shaded","section":"Shading Mode"},"sceneLighting":false,"audioPlay":false,"sceneViewState":{"showFog":true,"showMaterialUpdate":false,"showSkybox":true,"showFlares":true,"showImageEffects":true,"showParticleSystems":true},"in2DMode":false,"pivot":{"x":288.1377868652344,"y":171.66049194335938,"z":258.42864990234377},"rotation":{"x":0.04931381717324257,"y":-0.06339014321565628,"z":-0.003816078882664442,"w":-0.9967933893203735},"size":2267.593505859375,"orthographic":false}