{"cameraMode":{"drawMode":0,"name":"Shaded","section":"Shading Mode"},"sceneLighting":false,"audioPlay":false,"sceneViewState":{"showFog":true,"showMaterialUpdate":false,"showSkybox":true,"showFlares":true,"showImageEffects":true,"showParticleSystems":true},"in2DMode":false,"pivot":{"x":3.8064768314361574,"y":36.083438873291019,"z":-30.91045379638672},"rotation":{"x":0.1479521542787552,"y":-0.23216241598129273,"z":-0.03647634759545326,"w":-0.9606766104698181},"size":22.0,"orthographic":false}