{"cameraMode":{"drawMode":0,"name":"Shaded","section":"Shading Mode"},"sceneLighting":false,"audioPlay":false,"sceneViewState":{"showFog":true,"showMaterialUpdate":false,"showSkybox":true,"showFlares":true,"showImageEffects":true,"showParticleSystems":true},"in2DMode":false,"pivot":{"x":8.600000381469727,"y":7.800000190734863,"z":-2.1500000953674318},"rotation":{"x":0.2522142231464386,"y":0.2183222472667694,"z":-0.05852305516600609,"w":0.9409046769142151},"size":1.7992377281188965,"orthographic":false}