{"cameraMode":{"drawMode":0,"name":"Shaded","section":"Shading Mode"},"sceneLighting":false,"audioPlay":false,"sceneViewState":{"showFog":true,"showMaterialUpdate":false,"showSkybox":true,"showFlares":true,"showImageEffects":true,"showParticleSystems":true},"in2DMode":false,"pivot":{"x":-5.985135555267334,"y":11.298553466796875,"z":-16.350208282470704},"rotation":{"x":-0.10082955658435822,"y":0.26611924171447756,"z":-0.028708871454000474,"w":-0.958253800868988},"size":37.752647399902347,"orthographic":false}